ts	phase	decision	why	evidence	result
2026-10-05T01:11:09Z	frame	Build ShareMate around scoped local sharing and photo presentation	User accepted the recommended product direction; preserve installed data and owner workflows	tasks/todo.md	open
2026-10-05T01:15:21Z	baseline	Baseline debug tests and APK pass; emulator home captured	Compare new guest and transfer workflows with a known working owner app	/private/tmp/sharemate-baseline.log	VERIFIED
2026-10-05T01:15:47Z	security	Make exact owner auth and API route matching a prerequisite	Reviewer found public auth substring can dispatch protected suffix routes	app/src/main/java/com/apincer/fileserver/FileServerService.kt:201	open
2026-10-05T01:17:09Z	design	Use dedicated guest routes with selected entries and folder-tree scopes	Independent judge preferred isolated authorization; reuse one session store for native and HTTP	tasks/sharemate-design.md	accepted
2026-10-05T01:23:03Z	baseline	Installed source-matched baseline after detecting emulator had version 2.2.0	Earlier screen capture represented the old install; baseline build was current but UI evidence was not	/private/tmp/sharemate-baseline.log	supersedes earlier emulator baseline claim
2026-10-05T01:25:49Z	transfers	Integrated sequential browser uploads with cancel and retry	Queue tests and real phone-width browser flow verify destination and request ownership	a4801c1	VERIFIED
2026-10-05T01:26:53Z	security	Reproduced unauthenticated composed files route with HTTP 200	Source-matched baseline confirms the route bypass is real	/private/tmp/sharemate-baseline-bypass.json	reproduced
2026-10-05T01:26:53Z	review	Deleted one upload comment and kept non-JSON error handling	NIO emits plain-text 413 before the JSON upload handler; removing fallback would hide errors	app/src/main/java/com/apincer/fileserver/http/NioHttpServer.java:811	accepted
2026-10-05T01:31:15Z	casting	Use scoped receiver image URLs and hide unimplemented Google photo choice	DLNA old files path has no handler; custom Google image receiver exceeds this local release	tasks/sharemate-design.md	open
2026-10-05T01:34:44Z	review	Require identical target normalization and sandbox guest file responses	Independent review found pre-buffer cap bypass and executable same-origin guest content	tasks/sharemate-design.md	open
2026-10-05T01:43:29Z	build	Combined app unit tests and APK build pass	Integration uses root source with brand and instrumentation runner	/private/tmp/sharemate-final-build.log	VERIFIED
2026-10-05T01:43:29Z	receive	Three real Android content URI receive tests pass	Single and multiple copies preserve conflicts and do not publish missing sources	/private/tmp/sharemate-android-tests.log	VERIFIED
2026-10-05T01:48:57Z	runtime	Guest and owner routes pass real emulator and browser checks	Verified confinement, upload-only, conflicts, revoke, phone layout, image presentation, and active-content isolation	/private/tmp/sharemate-runtime.log	VERIFIED
2026-10-05T01:56:28Z	tests	Bind test HTTP server directly to port zero and read assigned port	Reserve-close-bind pattern failed with BindException; remove the port allocation race	app/src/test/java/com/apincer/fileserver/ShareRoutesTest.kt	open
2026-10-05T01:58:36Z	tests	All 29 unit tests pass after removing test port race	Server chooses and owns its ephemeral port until shutdown	/private/tmp/sharemate-final-build.log	VERIFIED
2026-10-05T01:58:37Z	native	Real system Share intent copies into confirmed Download folder	Activity handles new intent and copied bytes match source	/private/tmp/sharemate-received.xml	VERIFIED
2026-10-05T02:00:04Z	closure	Close authentication and active-content findings with live verification	Crafted owner route denied and served guest HTML cannot run with owner cookie	/private/tmp/sharemate-runtime.log	VERIFIED
2026-10-05T02:00:05Z	photos	Native slideshow renders a real generated photo	Observed visible image and presentation controls after local folder action	/private/tmp/sharemate-verification/native-photo-visible.png	VERIFIED
2026-10-05T02:00:05Z	review	Final independent source review confirms security fixes	Astra reviewer found no remaining must-fix defect; live browser check closes file response gap	tools/verify-sharemate.mjs	accepted
2026-10-05T02:00:05Z	limits	Leave physical receiver compatibility unverified and custom Google photo receiver deferred	Only emulator and browser available; external writers can race shared-storage publication	tasks/sharemate-design.md	INCONCLUSIVE
